GAME_ID,HOME_TEAM_ID,AWAY_TEAM_ID,HOME_PTS,AWAY_PTS,HOME_WIN
SYN00000,DEN,BOS,84,54,1
SYN00001,MIA,DEN,119,59,1
SYN00002,LAL,PHX,109,79,1
SYN00003,GSW,MIL,93,79,1
SYN00004,GSW,DEN,88,87,1
SYN00005,MIA,LAL,65,81,0
SYN00006,GSW,DEN,75,90,0
SYN00007,MIA,BOS,83,111,0
SYN00008,MIL,BOS,101,99,1
SYN00009,MIA,DEN,107,81,1
SYN00010,MIL,LAL,102,95,1
SYN00011,DEN,NYK,79,88,0
SYN00012,NYK,DEN,92,97,0
SYN00013,DEN,MIA,71,90,0
SYN00014,PHX,DEN,81,93,0
SYN00015,NYK,PHX,100,94,1
SYN00016,GSW,NYK,76,81,0
SYN00017,NYK,DEN,69,90,0
SYN00018,NYK,MIA,96,89,1
SYN00019,MIA,MIL,86,118,0
SYN00020,MIL,MIA,107,86,1
SYN00021,MIA,PHX,96,66,1
SYN00022,DEN,BOS,73,94,0
SYN00023,DEN,NYK,83,85,0
SYN00024,PHX,MIA,80,82,0
SYN00025,MIA,NYK,72,81,0
SYN00026,GSW,DEN,80,62,1
SYN00027,GSW,NYK,66,82,0
SYN00028,PHX,DEN,68,89,0
SYN00029,LAL,MIA,82,104,0
SYN00030,BOS,LAL,74,97,0
SYN00031,BOS,GSW,95,93,1
SYN00032,NYK,BOS,76,85,0
SYN00033,NYK,GSW,81,76,1
SYN00034,LAL,DEN,78,70,1
SYN00035,MIL,DEN,60,77,0
SYN00036,NYK,DEN,83,67,1
SYN00037,LAL,BOS,68,98,0
SYN00038,NYK,DEN,94,80,1
SYN00039,NYK,MIL,85,81,1
SYN00040,NYK,DEN,77,73,1
SYN00041,MIL,LAL,99,87,1
SYN00042,NYK,LAL,62,99,0
SYN00043,MIA,BOS,58,86,0
SYN00044,PHX,MIA,86,89,0
SYN00045,MIL,PHX,83,100,0
SYN00046,DEN,NYK,60,83,0
SYN00047,LAL,MIL,66,74,0
SYN00048,GSW,MIL,78,76,1
SYN00049,MIA,DEN,89,76,1
SYN00050,PHX,MIL,91,79,1
SYN00051,NYK,LAL,61,77,0
SYN00052,BOS,LAL,80,108,0
SYN00053,LAL,MIA,66,87,0
SYN00054,GSW,LAL,71,93,0
SYN00055,PHX,BOS,78,86,0
SYN00056,LAL,GSW,87,69,1
SYN00057,NYK,GSW,78,63,1
SYN00058,BOS,DEN,97,88,1
SYN00059,MIL,BOS,92,68,1
SYN00060,MIA,GSW,84,80,1
SYN00061,MIL,BOS,70,97,0
SYN00062,MIA,BOS,73,62,1
SYN00063,MIA,LAL,70,69,1
SYN00064,GSW,MIA,83,85,0
SYN00065,PHX,BOS,74,63,1
SYN00066,MIA,NYK,88,73,1
SYN00067,MIL,MIA,97,63,1
SYN00068,GSW,PHX,77,90,0
SYN00069,GSW,BOS,82,103,0
SYN00070,BOS,MIL,84,89,0
SYN00071,PHX,LAL,82,101,0
SYN00072,GSW,LAL,99,78,1
SYN00073,PHX,GSW,86,76,1
SYN00074,NYK,MIL,55,75,0
SYN00075,GSW,DEN,84,97,0
SYN00076,NYK,BOS,82,81,1
SYN00077,PHX,GSW,83,78,1
SYN00078,MIA,BOS,104,93,1
SYN00079,NYK,MIA,91,64,1
